dataset,totcov,name,N_tot,nsil_tot,nnon_tot,ndbsnp_tot,rate_dbsnp,rate_sil,rate_non
maf1,30428670,BLCA-FJ-A3Z9-TP,30428670,22,74,23,7.56E-07,7.23E-07,2.43E-06
maf1,30287228,BLCA-G2-A2ES-TP,30287228,110,330,42,1.39E-06,3.63E-06,1.09E-05
maf1,30347036,BLCA-DK-A1AE-TP,30347036,31,87,9,2.97E-07,1.02E-06,2.87E-06
maf1,30316044,BLCA-S5-A6DX-TP,30316044,168,490,84,2.77E-06,5.54E-06,1.62E-05
maf1,30181148,BLCA-CU-A0YR-TP,30181148,39,120,17,5.63E-07,1.29E-06,3.98E-06
maf1,30155039,BLCA-H4-A2HO-TP,30155039,27,67,16,5.31E-07,8.95E-07,2.22E-06
maf1,30334341,BLCA-E7-A3Y1-TP,30334341,44,138,20,6.59E-07,1.45E-06,4.55E-06
maf1,30270608,BLCA-K4-A5RI-TP,30270608,34,109,15,4.96E-07,1.12E-06,3.60E-06
maf1,30143593,BLCA-GV-A40E-TP,30143593,44,124,20,6.63E-07,1.46E-06,4.11E-06
maf1,30087415,BLCA-GU-A42R-TP,30087415,56,102,28,9.31E-07,1.86E-06,3.39E-06
maf1,30229195,BLCA-K4-A5RJ-TP,30229195,89,258,48,1.59E-06,2.94E-06,8.53E-06
maf1,30081572,BLCA-BT-A0S7-TP,30081572,13,37,11,3.66E-07,4.32E-07,1.23E-06
maf1,29953712,BLCA-BT-A3PH-TP,29953712,112,364,35,1.17E-06,3.74E-06,1.22E-05
maf1,30029443,BLCA-CU-A0YO-TP,30029443,20,80,26,8.66E-07,6.66E-07,2.66E-06
maf1,30062796,BLCA-G2-A2EO-TP,30062796,225,668,74,2.46E-06,7.48E-06,2.22E-05
maf1,29990720,BLCA-C4-A0F1-TP,29990720,43,119,23,7.67E-07,1.43E-06,3.97E-06
maf1,30156938,BLCA-BT-A42C-TP,30156938,80,280,40,1.33E-06,2.65E-06,9.28E-06
maf1,29949255,BLCA-CU-A0YN-TP,29949255,33,123,21,7.01E-07,1.10E-06,4.11E-06
maf1,29949524,BLCA-BT-A0YX-TP,29949524,156,483,65,2.17E-06,5.21E-06,1.61E-05
maf1,29826632,BLCA-BT-A3PK-TP,29826632,101,308,45,1.51E-06,3.39E-06,1.03E-05
maf1,29990440,BLCA-BL-A13J-TP,29990440,31,82,23,7.67E-07,1.03E-06,2.73E-06
maf1,30147257,BLCA-FD-A5C0-TP,30147257,31,91,19,6.30E-07,1.03E-06,3.02E-06
maf1,30092997,BLCA-FD-A5C1-TP,30092997,26,114,36,1.20E-06,8.64E-07,3.79E-06
maf1,30131523,BLCA-DK-A1AG-TP,30131523,34,86,25,8.30E-07,1.13E-06,2.85E-06
maf1,30141104,BLCA-CF-A5UA-TP,30141104,20,63,8,2.65E-07,6.64E-07,2.09E-06
maf1,30107512,BLCA-FD-A5BY-TP,30107512,8,36,13,4.32E-07,2.66E-07,1.20E-06
maf1,29917590,BLCA-C4-A0F6-TP,29917590,51,159,25,8.36E-07,1.70E-06,5.31E-06
maf1,30165129,BLCA-DK-A3WW-TP,30165129,322,918,110,3.65E-06,1.07E-05,3.04E-05
maf1,30109500,BLCA-E7-A5KE-TP,30109500,64,154,26,8.64E-07,2.13E-06,5.11E-06
maf1,29976446,BLCA-GD-A2C5-TP,29976446,70,219,36,1.20E-06,2.34E-06,7.31E-06
maf1,29883288,BLCA-BT-A3PJ-TP,29883288,142,372,57,1.91E-06,4.75E-06,1.24E-05
maf1,29893874,BLCA-C4-A0F0-TP,29893874,21,70,17,5.69E-07,7.02E-07,2.34E-06
maf1,30117738,BLCA-GC-A3WC-TP,30117738,35,112,19,6.31E-07,1.16E-06,3.72E-06
maf1,30125050,BLCA-BT-A42B-TP,30125050,19,43,16,5.31E-07,6.31E-07,1.43E-06
maf1,30037761,BLCA-K4-A5RH-TP,30037761,40,139,32,1.07E-06,1.33E-06,4.63E-06
maf1,29756710,BLCA-GD-A3OP-TP,29756710,112,315,60,2.02E-06,3.76E-06,1.06E-05
maf1,30101137,BLCA-FD-A43X-TP,30101137,88,247,32,1.06E-06,2.92E-06,8.21E-06
maf1,29928253,BLCA-GD-A6C6-TP,29928253,78,191,34,1.14E-06,2.61E-06,6.38E-06
maf1,30157939,BLCA-K4-A4AB-TP,30157939,30,63,16,5.31E-07,9.95E-07,2.09E-06
maf1,29779167,BLCA-BL-A0C8-TP,29779167,37,108,28,9.40E-07,1.24E-06,3.63E-06
maf1,29814475,BLCA-DK-A1A6-TP,29814475,65,233,53,1.78E-06,2.18E-06,7.81E-06
maf1,30021559,BLCA-BL-A5ZZ-TP,30021559,49,128,24,7.99E-07,1.63E-06,4.26E-06
maf1,29905149,BLCA-E5-A4TZ-TP,29905149,121,359,66,2.21E-06,4.05E-06,1.20E-05
maf1,29925554,BLCA-LC-A66R-TP,29925554,39,103,13,4.34E-07,1.30E-06,3.44E-06
maf1,29910190,BLCA-FD-A6TB-TP,29910190,52,160,19,6.35E-07,1.74E-06,5.35E-06
maf1,29893285,BLCA-GV-A3QK-TP,29893285,35,106,28,9.37E-07,1.17E-06,3.55E-06
maf1,29960185,BLCA-FD-A62S-TP,29960185,15,68,12,4.01E-07,5.01E-07,2.27E-06
maf1,30010887,BLCA-FD-A43N-TP,30010887,40,136,33,1.10E-06,1.33E-06,4.53E-06
maf1,29894669,BLCA-GC-A6I1-TP,29894669,71,181,25,8.36E-07,2.38E-06,6.05E-06
maf1,29914651,BLCA-H4-A2HQ-TP,29914651,121,348,57,1.91E-06,4.04E-06,1.16E-05
maf1,29966708,BLCA-DK-A3X2-TP,29966708,29,107,23,7.68E-07,9.68E-07,3.57E-06
maf1,29867749,BLCA-PQ-A6FI-TP,29867749,34,127,16,5.36E-07,1.14E-06,4.25E-06
maf1,29868004,BLCA-K4-A6FZ-TP,29868004,90,320,31,1.04E-06,3.01E-06,1.07E-05
maf1,29758591,BLCA-C4-A0F7-TP,29758591,20,52,13,4.37E-07,6.72E-07,1.75E-06
maf1,29986279,BLCA-CU-A5W6-TP,29986279,60,168,33,1.10E-06,2.00E-06,5.60E-06
maf1,29981768,BLCA-HQ-A5NE-TP,29981768,95,272,35,1.17E-06,3.17E-06,9.07E-06
maf1,29795246,BLCA-DK-A2HX-TP,29795246,25,95,11,3.69E-07,8.39E-07,3.19E-06
maf1,29866766,BLCA-FD-A62O-TP,29866766,50,148,24,8.04E-07,1.67E-06,4.96E-06
maf1,29927255,BLCA-GC-A3BM-TP,29927255,37,89,27,9.02E-07,1.24E-06,2.97E-06
maf1,29804425,BLCA-PQ-A6FN-TP,29804425,20,52,23,7.72E-07,6.71E-07,1.74E-06
maf1,29793539,BLCA-FJ-A3ZF-TP,29793539,62,194,38,1.28E-06,2.08E-06,6.51E-06
maf1,29857825,BLCA-E7-A677-TP,29857825,54,178,46,1.54E-06,1.81E-06,5.96E-06
maf1,29781794,BLCA-UY-A78K-TP,29781794,217,739,72,2.42E-06,7.29E-06,2.48E-05
maf1,29500738,BLCA-GD-A3OQ-TP,29500738,16,86,24,8.14E-07,5.42E-07,2.92E-06
maf1,29707346,BLCA-FJ-A871-TP,29707346,11,36,16,5.39E-07,3.70E-07,1.21E-06
maf1,29492981,BLCA-GV-A3QG-TP,29492981,15,68,18,6.10E-07,5.09E-07,2.31E-06
maf1,29853939,BLCA-CF-A5U8-TP,29853939,21,43,13,4.35E-07,7.03E-07,1.44E-06
maf1,29520326,BLCA-GV-A3QH-TP,29520326,42,139,31,1.05E-06,1.42E-06,4.71E-06
maf1,29830910,BLCA-FT-A61P-TP,29830910,42,123,23,7.71E-07,1.41E-06,4.12E-06
maf1,29878815,BLCA-DK-A6B2-TP,29878815,51,149,23,7.70E-07,1.71E-06,4.99E-06
maf1,29674634,BLCA-E7-A6MD-TP,29674634,121,340,48,1.62E-06,4.08E-06,1.15E-05
maf1,29477160,BLCA-FD-A3B8-TP,29477160,16,66,9,3.05E-07,5.43E-07,2.24E-06
maf1,29658952,BLCA-DK-A2I2-TP,29658952,26,89,21,7.08E-07,8.77E-07,3.00E-06
maf1,29617519,BLCA-CF-A27C-TP,29617519,49,119,14,4.73E-07,1.65E-06,4.02E-06
maf1,29600121,BLCA-BT-A20X-TP,29600121,12,55,14,4.73E-07,4.05E-07,1.86E-06
maf1,29592893,BLCA-FJ-A3Z7-TP,29592893,72,241,43,1.45E-06,2.43E-06,8.14E-06
maf1,29749723,BLCA-R3-A69X-TP,29749723,54,169,30,1.01E-06,1.82E-06,5.68E-06
maf1,29657455,BLCA-BT-A2LA-TP,29657455,36,120,41,1.38E-06,1.21E-06,4.05E-06
maf1,29440689,BLCA-GC-A3RB-TP,29440689,47,117,26,8.83E-07,1.60E-06,3.97E-06
maf1,29608930,BLCA-K4-A83P-TP,29608930,82,284,38,1.28E-06,2.77E-06,9.59E-06
maf1,29805319,BLCA-FD-A62P-TP,29805319,96,328,50,1.68E-06,3.22E-06,1.10E-05
maf1,29581134,BLCA-C4-A0EZ-TP,29581134,47,142,38,1.28E-06,1.59E-06,4.80E-06
maf1,29558415,BLCA-XF-AAN2-TP,29558415,129,342,43,1.45E-06,4.36E-06,1.16E-05
maf1,29642307,BLCA-BT-A2LD-TP,29642307,29,80,20,6.75E-07,9.78E-07,2.70E-06
maf1,29593139,BLCA-E7-A7XN-TP,29593139,226,734,80,2.70E-06,7.64E-06,2.48E-05
maf1,29695043,BLCA-FD-A3SM-TP,29695043,46,160,20,6.74E-07,1.55E-06,5.39E-06
maf1,29535659,BLCA-FD-A3NA-TP,29535659,37,139,26,8.80E-07,1.25E-06,4.71E-06
maf1,29736406,BLCA-DK-A6B6-TP,29736406,348,678,89,2.99E-06,1.17E-05,2.28E-05
maf1,29618801,BLCA-G2-A2EF-TP,29618801,63,211,31,1.05E-06,2.13E-06,7.12E-06
maf1,29643675,BLCA-GC-A3YS-TP,29643675,60,183,40,1.35E-06,2.02E-06,6.17E-06
maf1,29578027,BLCA-G2-A2EK-TP,29578027,17,58,8,2.70E-07,5.75E-07,1.96E-06
maf1,29405537,BLCA-GV-A3JV-TP,29405537,24,85,28,9.52E-07,8.16E-07,2.89E-06
maf1,29730797,BLCA-DK-A6B1-TP,29730797,32,116,17,5.72E-07,1.08E-06,3.90E-06
maf1,29518504,BLCA-E7-A7PW-TP,29518504,34,71,17,5.76E-07,1.15E-06,2.41E-06
maf1,29398137,BLCA-DK-A2I1-TP,29398137,62,175,20,6.80E-07,2.11E-06,5.95E-06
maf1,29641467,BLCA-E7-A678-TP,29641467,11,38,10,3.37E-07,3.71E-07,1.28E-06
maf1,29305247,BLCA-FD-A3B6-TP,29305247,60,217,36,1.23E-06,2.05E-06,7.40E-06
maf1,29694502,BLCA-FJ-A3ZE-TP,29694502,95,317,44,1.48E-06,3.20E-06,1.07E-05
maf1,29651868,BLCA-DK-A6AV-TP,29651868,42,92,18,6.07E-07,1.42E-06,3.10E-06
maf1,29295191,BLCA-GV-A3JX-TP,29295191,66,250,29,9.90E-07,2.25E-06,8.53E-06
maf1,29661411,BLCA-LT-A5Z6-TP,29661411,159,394,40,1.35E-06,5.36E-06,1.33E-05
maf1,29555334,BLCA-GC-A3OO-TP,29555334,38,105,19,6.43E-07,1.29E-06,3.55E-06
maf1,29616567,BLCA-DK-A6AW-TP,29616567,642,2877,633,2.14E-05,2.17E-05,9.71E-05
maf1,29797767,BLCA-K4-A3WU-TP,29797767,48,166,29,9.73E-07,1.61E-06,5.57E-06
maf1,29541268,BLCA-E5-A4U1-TP,29541268,159,508,69,2.34E-06,5.38E-06,1.72E-05
maf1,29660452,BLCA-E7-A5KF-TP,29660452,55,152,23,7.75E-07,1.85E-06,5.12E-06
maf1,29433266,BLCA-YC-A8S6-TP,29433266,20,84,18,6.12E-07,6.80E-07,2.85E-06
maf1,29251811,BLCA-CF-A3MH-TP,29251811,10,34,13,4.44E-07,3.42E-07,1.16E-06
maf1,29508798,BLCA-DK-A3WX-TP,29508798,11,25,10,3.39E-07,3.73E-07,8.47E-07
maf1,29426249,BLCA-BT-A20R-TP,29426249,73,219,35,1.19E-06,2.48E-06,7.44E-06
maf1,29647413,BLCA-FD-A5BZ-TP,29647413,34,99,21,7.08E-07,1.15E-06,3.34E-06
maf1,29551713,BLCA-FD-A62N-TP,29551713,27,68,17,5.75E-07,9.14E-07,2.30E-06
maf1,29463047,BLCA-DK-A3X1-TP,29463047,253,639,101,3.43E-06,8.59E-06,2.17E-05
maf1,29423567,BLCA-KQ-A41O-TP,29423567,60,180,37,1.26E-06,2.04E-06,6.12E-06
maf1,29357221,BLCA-G2-A2EJ-TP,29357221,68,240,44,1.50E-06,2.32E-06,8.18E-06
maf1,29463111,BLCA-FD-A3SL-TP,29463111,47,163,36,1.22E-06,1.60E-06,5.53E-06
maf1,29459687,BLCA-GC-A6I3-TP,29459687,57,170,37,1.26E-06,1.93E-06,5.77E-06
maf1,29482497,BLCA-E7-A3X6-TP,29482497,25,90,17,5.77E-07,8.48E-07,3.05E-06
maf1,29480298,BLCA-K4-A3WV-TP,29480298,13,46,22,7.46E-07,4.41E-07,1.56E-06
maf1,29476919,BLCA-DK-A6B0-TP,29476919,7,25,5,1.70E-07,2.37E-07,8.48E-07
maf1,29398654,BLCA-UY-A9PA-TP,29398654,47,158,27,9.18E-07,1.60E-06,5.37E-06
maf1,29365451,BLCA-2F-A9KR-TP,29365451,72,194,29,9.88E-07,2.45E-06,6.61E-06
maf1,29423763,BLCA-CF-A3MF-TP,29423763,5,21,9,3.06E-07,1.70E-07,7.14E-07
maf1,29576728,BLCA-GV-A40G-TP,29576728,45,126,28,9.47E-07,1.52E-06,4.26E-06
maf1,29402125,BLCA-UY-A78M-TP,29402125,37,118,27,9.18E-07,1.26E-06,4.01E-06
maf1,29414778,BLCA-G2-A2EL-TP,29414778,64,176,28,9.52E-07,2.18E-06,5.98E-06
maf1,29737103,BLCA-FD-A43U-TP,29737103,17,58,17,5.72E-07,5.72E-07,1.95E-06
maf1,29313046,BLCA-BT-A2LB-TP,29313046,192,441,58,1.98E-06,6.55E-06,1.50E-05
maf1,29415660,BLCA-DK-A6B5-TP,29415660,34,107,18,6.12E-07,1.16E-06,3.64E-06
maf1,29047822,BLCA-DK-A3IM-TP,29047822,26,70,16,5.51E-07,8.95E-07,2.41E-06
maf1,29110538,BLCA-CF-A1HR-TP,29110538,77,238,39,1.34E-06,2.65E-06,8.18E-06
maf1,29068637,BLCA-GD-A3OS-TP,29068637,20,71,18,6.19E-07,6.88E-07,2.44E-06
maf1,29250539,BLCA-2F-A9KO-TP,29250539,144,409,58,1.98E-06,4.92E-06,1.40E-05
maf1,28993538,BLCA-DK-A3IT-TP,28993538,72,344,36,1.24E-06,2.48E-06,1.19E-05
maf1,29237545,BLCA-ZF-AA4N-TP,29237545,34,133,19,6.50E-07,1.16E-06,4.55E-06
maf1,29070987,BLCA-DK-A1AD-TP,29070987,62,164,32,1.10E-06,2.13E-06,5.64E-06
maf1,29275757,BLCA-DK-A2I6-TP,29275757,87,205,31,1.06E-06,2.97E-06,7.00E-06
maf1,29084480,BLCA-DK-A1A3-TP,29084480,178,483,55,1.89E-06,6.12E-06,1.66E-05
maf1,28974487,BLCA-DK-A3IU-TP,28974487,139,335,40,1.38E-06,4.80E-06,1.16E-05
maf1,29181162,BLCA-UY-A9PH-TP,29181162,109,259,46,1.58E-06,3.74E-06,8.88E-06
maf1,29232609,BLCA-BL-A3JM-TP,29232609,56,153,20,6.84E-07,1.92E-06,5.23E-06
maf1,29270299,BLCA-FD-A3SP-TP,29270299,33,84,24,8.20E-07,1.13E-06,2.87E-06
maf1,28970303,BLCA-DK-A3IN-TP,28970303,93,296,53,1.83E-06,3.21E-06,1.02E-05
maf1,29200377,BLCA-FD-A3SS-TP,29200377,135,376,50,1.71E-06,4.62E-06,1.29E-05
maf1,29371968,BLCA-K4-A54R-TP,29371968,243,717,71,2.42E-06,8.27E-06,2.44E-05
maf1,29165945,BLCA-SY-A9G5-TP,29165945,228,793,100,3.43E-06,7.82E-06,2.72E-05
maf1,29220314,BLCA-FD-A3SQ-TP,29220314,18,61,17,5.82E-07,6.16E-07,2.09E-06
maf1,29155149,BLCA-BL-A13I-TP,29155149,23,82,9,3.09E-07,7.89E-07,2.81E-06
maf1,29241880,BLCA-K4-A6MB-TP,29241880,92,252,48,1.64E-06,3.15E-06,8.62E-06
maf1,29090095,BLCA-ZF-A9R1-TP,29090095,26,76,15,5.16E-07,8.94E-07,2.61E-06
maf1,29158231,BLCA-GV-A3QF-TP,29158231,34,107,18,6.17E-07,1.17E-06,3.67E-06
maf1,29098492,BLCA-E7-A85H-TP,29098492,104,340,50,1.72E-06,3.57E-06,1.17E-05
maf1,29100035,BLCA-UY-A9PB-TP,29100035,169,436,63,2.16E-06,5.81E-06,1.50E-05
maf1,28837214,BLCA-G2-A3IE-TP,28837214,101,281,47,1.63E-06,3.50E-06,9.74E-06
maf1,29059904,BLCA-FD-A3N6-TP,29059904,26,93,24,8.26E-07,8.95E-07,3.20E-06
maf1,29053237,BLCA-DK-A3IV-TP,29053237,23,73,9,3.10E-07,7.92E-07,2.51E-06
maf1,28931881,BLCA-FD-A3B5-TP,28931881,28,118,23,7.95E-07,9.68E-07,4.08E-06
maf1,29089012,BLCA-DK-A3IK-TP,29089012,45,171,22,7.56E-07,1.55E-06,5.88E-06
maf1,29050677,BLCA-ZF-A9RE-TP,29050677,11,56,20,6.88E-07,3.79E-07,1.93E-06
maf1,28992328,BLCA-ZF-A9R2-TP,28992328,36,119,15,5.17E-07,1.24E-06,4.10E-06
maf1,29118180,BLCA-CF-A7I0-TP,29118180,20,31,5,1.72E-07,6.87E-07,1.06E-06
maf1,29004446,BLCA-XF-A9SX-TP,29004446,23,104,13,4.48E-07,7.93E-07,3.59E-06
maf1,28929450,BLCA-CF-A1HS-TP,28929450,75,239,36,1.24E-06,2.59E-06,8.26E-06
maf1,29124398,BLCA-KQ-A41R-TP,29124398,231,563,103,3.54E-06,7.93E-06,1.93E-05
maf1,29070024,BLCA-K4-AAQO-TP,29070024,49,192,43,1.48E-06,1.69E-06,6.60E-06
maf1,29049802,BLCA-CF-A9FM-TP,29049802,7,18,4,1.38E-07,2.41E-07,6.20E-07
maf1,28803079,BLCA-GC-A3I6-TP,28803079,50,144,23,7.99E-07,1.74E-06,5.00E-06
maf1,29046896,BLCA-2F-A9KW-TP,29046896,31,79,20,6.89E-07,1.07E-06,2.72E-06
maf1,29142821,BLCA-GC-A3RC-TP,29142821,120,269,44,1.51E-06,4.12E-06,9.23E-06
maf1,28971145,BLCA-2F-A9KQ-TP,28971145,15,56,9,3.11E-07,5.18E-07,1.93E-06
maf1,28983066,BLCA-CF-A9FH-TP,28983066,7,31,12,4.14E-07,2.42E-07,1.07E-06
maf1,29285563,BLCA-MV-A51V-TP,29285563,406,1521,164,5.60E-06,1.39E-05,5.19E-05
maf1,29075882,BLCA-FD-A3SR-TP,29075882,20,112,23,7.91E-07,6.88E-07,3.85E-06
maf1,28900413,BLCA-DK-A1AF-TP,28900413,30,102,14,4.84E-07,1.04E-06,3.53E-06
maf1,28950074,BLCA-ZF-AA54-TP,28950074,42,153,23,7.94E-07,1.45E-06,5.28E-06
maf1,28938319,BLCA-ZF-AA56-TP,28938319,22,84,16,5.53E-07,7.60E-07,2.90E-06
maf1,28946857,BLCA-XF-A9SL-TP,28946857,20,94,11,3.80E-07,6.91E-07,3.25E-06
maf1,28989029,BLCA-ZF-A9R7-TP,28989029,165,543,62,2.14E-06,5.69E-06,1.87E-05
maf1,28972467,BLCA-XF-A9SU-TP,28972467,7,47,16,5.52E-07,2.42E-07,1.62E-06
maf1,28937234,BLCA-UY-A9PE-TP,28937234,46,176,26,8.98E-07,1.59E-06,6.08E-06
maf1,29048669,BLCA-DK-A1AA-TP,29048669,15,61,15,5.16E-07,5.16E-07,2.10E-06
maf1,28884005,BLCA-DK-AA6U-TP,28884005,105,371,44,1.52E-06,3.64E-06,1.28E-05
maf1,28939162,BLCA-ZF-A9R9-TP,28939162,51,153,22,7.60E-07,1.76E-06,5.29E-06
maf1,28921403,BLCA-UY-A9PD-TP,28921403,74,220,35,1.21E-06,2.56E-06,7.61E-06
maf1,28883205,BLCA-4Z-AA7W-TP,28883205,117,442,50,1.73E-06,4.05E-06,1.53E-05
maf1,28955538,BLCA-DK-A2I4-TP,28955538,290,677,96,3.32E-06,1.00E-05,2.34E-05
maf1,28899159,BLCA-S5-AA26-TP,28899159,45,182,19,6.57E-07,1.56E-06,6.30E-06
maf1,28883515,BLCA-BT-A20W-TP,28883515,21,79,16,5.54E-07,7.27E-07,2.74E-06
maf1,28873937,BLCA-SY-A9G0-TP,28873937,15,40,11,3.81E-07,5.19E-07,1.39E-06
maf1,29010513,BLCA-KQ-A41S-TP,29010513,62,205,29,1.00E-06,2.14E-06,7.07E-06
maf1,28904228,BLCA-E7-A97P-TP,28904228,44,163,29,1.00E-06,1.52E-06,5.64E-06
maf1,28929815,BLCA-DK-A3WY-TP,28929815,7,12,2,6.91E-08,2.42E-07,4.15E-07
maf1,28779670,BLCA-GU-AATP-TP,28779670,82,264,32,1.11E-06,2.85E-06,9.17E-06
maf1,28917705,BLCA-GV-A3JZ-TP,28917705,112,362,54,1.87E-06,3.87E-06,1.25E-05
maf1,28684311,BLCA-FD-A3B7-TP,28684311,15,61,11,3.83E-07,5.23E-07,2.13E-06
maf1,28947102,BLCA-BT-A20U-TP,28947102,13,71,17,5.87E-07,4.49E-07,2.45E-06
maf1,28791489,BLCA-DK-AA76-TP,28791489,57,199,27,9.38E-07,1.98E-06,6.91E-06
maf1,28720656,BLCA-4Z-AA7O-TP,28720656,53,132,25,8.70E-07,1.85E-06,4.60E-06
maf1,28803706,BLCA-G2-AA3D-TP,28803706,74,271,25,8.68E-07,2.57E-06,9.41E-06
maf1,28787976,BLCA-XF-A9SI-TP,28787976,109,320,42,1.46E-06,3.79E-06,1.11E-05
maf1,28798801,BLCA-2F-A9KP-TP,28798801,29,100,26,9.03E-07,1.01E-06,3.47E-06
maf1,28759320,BLCA-XF-A9T4-TP,28759320,6,29,6,2.09E-07,2.09E-07,1.01E-06
maf1,28627181,BLCA-G2-A3IB-TP,28627181,17,82,15,5.24E-07,5.94E-07,2.86E-06
maf1,28889180,BLCA-FD-A3SO-TP,28889180,98,261,44,1.52E-06,3.39E-06,9.03E-06
maf1,28691416,BLCA-DK-A1AB-TP,28691416,52,139,31,1.08E-06,1.81E-06,4.84E-06
maf1,28806357,BLCA-UY-A9PF-TP,28806357,140,359,40,1.39E-06,4.86E-06,1.25E-05
maf1,28756536,BLCA-4Z-AA84-TP,28756536,163,357,50,1.74E-06,5.67E-06,1.24E-05
maf1,28739660,BLCA-DK-AA6S-TP,28739660,147,454,53,1.84E-06,5.11E-06,1.58E-05
maf1,28796399,BLCA-CF-A9FL-TP,28796399,11,46,10,3.47E-07,3.82E-07,1.60E-06
maf1,28804060,BLCA-XF-A8HI-TP,28804060,29,54,11,3.82E-07,1.01E-06,1.87E-06
maf1,28705056,BLCA-4Z-AA80-TP,28705056,115,326,48,1.67E-06,4.01E-06,1.14E-05
maf1,28850949,BLCA-ZF-A9R3-TP,28850949,21,68,12,4.16E-07,7.28E-07,2.36E-06
maf1,28707014,BLCA-4Z-AA7Y-TP,28707014,91,231,26,9.06E-07,3.17E-06,8.05E-06
maf1,28939790,BLCA-FD-A6TD-TP,28939790,38,105,14,4.84E-07,1.31E-06,3.63E-06
maf1,28735152,BLCA-DK-AA6T-TP,28735152,13,50,16,5.57E-07,4.52E-07,1.74E-06
maf1,28886098,BLCA-FD-A3SJ-TP,28886098,57,184,29,1.00E-06,1.97E-06,6.37E-06
maf1,28765309,BLCA-ZF-AA4W-TP,28765309,121,433,79,2.75E-06,4.21E-06,1.51E-05
maf1,28560806,BLCA-DK-A3IL-TP,28560806,34,150,18,6.30E-07,1.19E-06,5.25E-06
maf1,28931733,BLCA-CF-A47Y-TP,28931733,20,52,8,2.77E-07,6.91E-07,1.80E-06
maf1,28986219,BLCA-FD-A5BR-TP,28986219,16,69,21,7.24E-07,5.52E-07,2.38E-06
maf1,28591576,BLCA-CF-A3MI-TP,28591576,15,57,15,5.25E-07,5.25E-07,1.99E-06
maf1,28932493,BLCA-UY-A78L-TP,28932493,58,162,26,8.99E-07,2.00E-06,5.60E-06
maf1,28712003,BLCA-DK-AA74-TP,28712003,42,190,28,9.75E-07,1.46E-06,6.62E-06
maf1,28666416,BLCA-DK-A1AC-TP,28666416,448,1080,172,6.00E-06,1.56E-05,3.77E-05
maf1,28806787,BLCA-BT-A20N-TP,28806787,80,218,28,9.72E-07,2.78E-06,7.57E-06
maf1,28867407,BLCA-K4-A3WS-TP,28867407,50,226,32,1.11E-06,1.73E-06,7.83E-06
maf1,28663903,BLCA-YC-A9TC-TP,28663903,22,92,19,6.63E-07,7.68E-07,3.21E-06
maf1,28536083,BLCA-DK-A3IQ-TP,28536083,51,152,22,7.71E-07,1.79E-06,5.33E-06
maf1,28717935,BLCA-ZF-A9RL-TP,28717935,68,276,55,1.92E-06,2.37E-06,9.61E-06
maf1,28666825,BLCA-4Z-AA7R-TP,28666825,100,277,34,1.19E-06,3.49E-06,9.66E-06
maf1,28653715,BLCA-ZF-AA5P-TP,28653715,14,46,11,3.84E-07,4.89E-07,1.61E-06
maf1,28767266,BLCA-2F-A9KT-TP,28767266,78,287,38,1.32E-06,2.71E-06,9.98E-06
maf1,28665907,BLCA-4Z-AA86-TP,28665907,64,159,23,8.02E-07,2.23E-06,5.55E-06
maf1,28772685,BLCA-CU-A3KJ-TP,28772685,62,183,26,9.04E-07,2.15E-06,6.36E-06
maf1,28778006,BLCA-BT-A20O-TP,28778006,44,145,25,8.69E-07,1.53E-06,5.04E-06
maf1,28820416,BLCA-ZF-AA4V-TP,28820416,198,506,63,2.19E-06,6.87E-06,1.76E-05
maf1,28808919,BLCA-BT-A20V-TP,28808919,22,79,15,5.21E-07,7.64E-07,2.74E-06
maf1,28766897,BLCA-BT-A20T-TP,28766897,63,198,25,8.69E-07,2.19E-06,6.88E-06
maf1,28743002,BLCA-ZF-A9R4-TP,28743002,56,196,24,8.35E-07,1.95E-06,6.82E-06
maf1,28734760,BLCA-G2-A3VY-TP,28734760,177,568,61,2.12E-06,6.16E-06,1.98E-05
maf1,28670865,BLCA-ZF-A9RC-TP,28670865,301,743,90,3.14E-06,1.05E-05,2.59E-05
maf1,28711804,BLCA-FD-A3B3-TP,28711804,42,126,38,1.32E-06,1.46E-06,4.39E-06
maf1,28656851,BLCA-4Z-AA81-TP,28656851,55,153,35,1.22E-06,1.92E-06,5.34E-06
maf1,28621612,BLCA-GU-AATO-TP,28621612,77,239,37,1.29E-06,2.69E-06,8.35E-06
maf1,28677708,BLCA-XF-A8HH-TP,28677708,39,72,16,5.58E-07,1.36E-06,2.51E-06
maf1,28711811,BLCA-ZF-A9R0-TP,28711811,56,151,26,9.06E-07,1.95E-06,5.26E-06
maf1,28686147,BLCA-ZF-AA4X-TP,28686147,177,531,62,2.16E-06,6.17E-06,1.85E-05
maf1,28666882,BLCA-DK-A1A5-TP,28666882,67,204,34,1.19E-06,2.34E-06,7.12E-06
maf1,28725123,BLCA-BT-A20J-TP,28725123,124,349,64,2.23E-06,4.32E-06,1.21E-05
maf1,28641246,BLCA-XF-AAN3-TP,28641246,51,118,20,6.98E-07,1.78E-06,4.12E-06
maf1,28715038,BLCA-GU-A764-TP,28715038,35,104,16,5.57E-07,1.22E-06,3.62E-06
maf1,28794568,BLCA-FT-A3EE-TP,28794568,24,100,15,5.21E-07,8.33E-07,3.47E-06
maf1,28662564,BLCA-BT-A20P-TP,28662564,16,67,16,5.58E-07,5.58E-07,2.34E-06
maf1,28749464,BLCA-FD-A3B4-TP,28749464,14,58,11,3.83E-07,4.87E-07,2.02E-06
maf1,28710919,BLCA-E7-A97Q-TP,28710919,12,56,7,2.44E-07,4.18E-07,1.95E-06
maf1,28601612,BLCA-DK-AA71-TP,28601612,184,489,72,2.52E-06,6.43E-06,1.71E-05
maf1,28603967,BLCA-ZF-A9RF-TP,28603967,48,195,37,1.29E-06,1.68E-06,6.82E-06
maf1,28638141,BLCA-CF-A3MG-TP,28638141,42,110,12,4.19E-07,1.47E-06,3.84E-06
maf1,28586066,BLCA-DK-AA6M-TP,28586066,21,47,16,5.60E-07,7.35E-07,1.64E-06
maf1,28749943,BLCA-CU-A3QU-TP,28749943,26,69,18,6.26E-07,9.04E-07,2.40E-06
maf1,28665740,BLCA-CF-A9FF-TP,28665740,38,118,19,6.63E-07,1.33E-06,4.12E-06
maf1,28477010,BLCA-DK-A1A7-TP,28477010,40,182,27,9.48E-07,1.40E-06,6.39E-06
maf1,28792303,BLCA-KQ-A41P-TP,28792303,91,244,28,9.72E-07,3.16E-06,8.47E-06
maf1,28532005,BLCA-4Z-AA89-TP,28532005,31,107,23,8.06E-07,1.09E-06,3.75E-06
maf1,28585208,BLCA-ZF-AA4T-TP,28585208,21,77,18,6.30E-07,7.35E-07,2.69E-06
maf1,28585434,BLCA-ZF-A9RM-TP,28585434,21,77,9,3.15E-07,7.35E-07,2.69E-06
maf1,28770714,BLCA-FD-A6TC-TP,28770714,270,752,92,3.20E-06,9.38E-06,2.61E-05
maf1,28491957,BLCA-XF-A9SZ-TP,28491957,45,178,35,1.23E-06,1.58E-06,6.25E-06
maf1,28511446,BLCA-ZF-AA51-TP,28511446,169,529,74,2.60E-06,5.93E-06,1.86E-05
maf1,28541154,BLCA-G2-AA3C-TP,28541154,67,191,27,9.46E-07,2.35E-06,6.69E-06
maf1,28495257,BLCA-DK-AA75-TP,28495257,143,339,57,2.00E-06,5.02E-06,1.19E-05
maf1,28489773,BLCA-4Z-AA7Q-TP,28489773,59,188,27,9.48E-07,2.07E-06,6.60E-06
maf1,28519611,BLCA-G2-AA3B-TP,28519611,191,593,68,2.38E-06,6.70E-06,2.08E-05
maf1,28630865,BLCA-FD-A6TF-TP,28630865,37,112,17,5.94E-07,1.29E-06,3.91E-06
maf1,28699128,BLCA-UY-A78O-TP,28699128,43,149,31,1.08E-06,1.50E-06,5.19E-06
maf1,28543129,BLCA-ZF-AA53-TP,28543129,45,137,29,1.02E-06,1.58E-06,4.80E-06
maf1,28453250,BLCA-4Z-AA83-TP,28453250,23,63,14,4.92E-07,8.08E-07,2.21E-06
maf1,28456055,BLCA-DK-AA77-TP,28456055,96,278,41,1.44E-06,3.37E-06,9.77E-06
maf1,28446509,BLCA-XF-A9T0-TP,28446509,238,587,87,3.06E-06,8.37E-06,2.06E-05
maf1,28690316,BLCA-GU-A762-TP,28690316,27,75,14,4.88E-07,9.41E-07,2.61E-06
maf1,28431875,BLCA-XF-AAMR-TP,28431875,23,77,15,5.28E-07,8.09E-07,2.71E-06
maf1,28412333,BLCA-4Z-AA7M-TP,28412333,140,408,59,2.08E-06,4.93E-06,1.44E-05
maf1,28383500,BLCA-ZF-AA52-TP,28383500,32,91,24,8.46E-07,1.13E-06,3.21E-06
maf1,28461337,BLCA-BT-A20Q-TP,28461337,23,71,17,5.97E-07,8.08E-07,2.49E-06
maf1,28377933,BLCA-XF-A9SH-TP,28377933,16,35,11,3.88E-07,5.64E-07,1.23E-06
maf1,28457429,BLCA-XF-AAN8-TP,28457429,0,3,2,7.03E-08,0,1.05E-07
maf1,28426245,BLCA-YF-AA3L-TP,28426245,69,246,31,1.09E-06,2.43E-06,8.65E-06
maf1,28368126,BLCA-ZF-A9RD-TP,28368126,55,138,16,5.64E-07,1.94E-06,4.86E-06
maf1,28378989,BLCA-XF-A9SK-TP,28378989,31,122,15,5.29E-07,1.09E-06,4.30E-06
maf1,28357302,BLCA-ZF-AA58-TP,28357302,56,173,24,8.46E-07,1.97E-06,6.10E-06
maf1,28380300,BLCA-ZF-AA4U-TP,28380300,19,45,15,5.29E-07,6.69E-07,1.59E-06
maf1,28302608,BLCA-4Z-AA87-TP,28302608,63,206,27,9.54E-07,2.23E-06,7.28E-06
maf1,28345151,BLCA-XF-AAMY-TP,28345151,27,90,24,8.47E-07,9.53E-07,3.18E-06
maf1,28540384,BLCA-E5-A2PC-TP,28540384,65,170,23,8.06E-07,2.28E-06,5.96E-06
maf1,28272632,BLCA-DK-AA6W-TP,28272632,63,203,31,1.10E-06,2.23E-06,7.18E-06
maf1,28307413,BLCA-4Z-AA7N-TP,28307413,8,20,5,1.77E-07,2.83E-07,7.07E-07
maf1,28033579,BLCA-GV-A3QI-TP,28033579,124,363,45,1.61E-06,4.42E-06,1.29E-05
maf1,28113739,BLCA-GV-A3JW-TP,28113739,20,60,13,4.62E-07,7.11E-07,2.13E-06
maf1,28802814,BLCA-FD-A43S-TP,28802814,0,0,0,0,0,0
maf1,28336446,BLCA-GD-A76B-TP,28336446,40,156,30,1.06E-06,1.41E-06,5.51E-06
maf1,28389513,BLCA-E7-A6MF-TP,28389513,13,36,5,1.76E-07,4.58E-07,1.27E-06
maf1,28289018,BLCA-UY-A8OB-TP,28289018,58,272,30,1.06E-06,2.05E-06,9.62E-06
maf1,28428018,BLCA-FD-A6TA-TP,28428018,56,217,24,8.44E-07,1.97E-06,7.63E-06
maf1,28285759,BLCA-DK-AA6Q-TP,28285759,22,92,23,8.13E-07,7.78E-07,3.25E-06
maf1,28448102,BLCA-E7-A7DV-TP,28448102,74,254,32,1.12E-06,2.60E-06,8.93E-06
maf1,28095939,BLCA-DK-AA6L-TP,28095939,100,321,43,1.53E-06,3.56E-06,1.14E-05
maf1,28252146,BLCA-4Z-AA82-TP,28252146,28,82,14,4.96E-07,9.91E-07,2.90E-06
maf1,28216500,BLCA-DK-AA6P-TP,28216500,49,163,27,9.57E-07,1.74E-06,5.78E-06
maf1,28523896,BLCA-FD-A3SN-TP,28523896,109,270,51,1.79E-06,3.82E-06,9.47E-06
maf1,28232660,BLCA-XF-AAMW-TP,28232660,9,25,3,1.06E-07,3.19E-07,8.85E-07
maf1,28321450,BLCA-G2-A2EC-TP,28321450,44,138,20,7.06E-07,1.55E-06,4.87E-06
maf1,28202653,BLCA-XF-A9SP-TP,28202653,85,240,45,1.60E-06,3.01E-06,8.51E-06
maf1,28277636,BLCA-XF-A9SJ-TP,28277636,91,218,38,1.34E-06,3.22E-06,7.71E-06
maf1,28471778,BLCA-CU-A72E-TP,28471778,29,72,22,7.73E-07,1.02E-06,2.53E-06
maf1,28184258,BLCA-GU-AATQ-TP,28184258,44,139,19,6.74E-07,1.56E-06,4.93E-06
maf1,28209300,BLCA-ZF-AA5N-TP,28209300,9,42,10,3.54E-07,3.19E-07,1.49E-06
maf1,28173525,BLCA-ZF-AA5H-TP,28173525,16,52,12,4.26E-07,5.68E-07,1.85E-06
maf1,28130336,BLCA-4Z-AA7S-TP,28130336,10,42,26,9.24E-07,3.55E-07,1.49E-06
maf1,28155010,BLCA-XF-AAN4-TP,28155010,13,57,6,2.13E-07,4.62E-07,2.02E-06
maf1,28176093,BLCA-XF-AAN0-TP,28176093,91,328,49,1.74E-06,3.23E-06,1.16E-05
maf1,28365550,BLCA-CU-A3YL-TP,28365550,43,182,34,1.20E-06,1.52E-06,6.42E-06
maf1,28247757,BLCA-BT-A42F-TP,28247757,40,152,21,7.43E-07,1.42E-06,5.38E-06
maf1,28134181,BLCA-XF-A9SW-TP,28134181,20,40,7,2.49E-07,7.11E-07,1.42E-06
maf1,28101218,BLCA-ZF-A9RN-TP,28101218,54,147,27,9.61E-07,1.92E-06,5.23E-06
maf1,28212781,BLCA-CF-A47W-TP,28212781,5,19,7,2.48E-07,1.77E-07,6.73E-07
maf1,28156017,BLCA-ZF-AA4R-TP,28156017,14,65,9,3.20E-07,4.97E-07,2.31E-06
maf1,28343623,BLCA-KQ-A41Q-TP,28343623,40,114,23,8.11E-07,1.41E-06,4.02E-06
maf1,28137726,BLCA-GU-A767-TP,28137726,94,342,58,2.06E-06,3.34E-06,1.22E-05
maf1,28163260,BLCA-XF-AAMZ-TP,28163260,58,240,38,1.35E-06,2.06E-06,8.52E-06
maf1,28196614,BLCA-GU-A42Q-TP,28196614,43,137,27,9.58E-07,1.53E-06,4.86E-06
maf1,28178012,BLCA-FD-A43P-TP,28178012,113,322,47,1.67E-06,4.01E-06,1.14E-05
maf1,28229284,BLCA-GC-A3RD-TP,28229284,29,64,14,4.96E-07,1.03E-06,2.27E-06
maf1,27951438,BLCA-DK-A3IS-TP,27951438,96,254,47,1.68E-06,3.43E-06,9.09E-06
maf1,28032491,BLCA-XF-A9SM-TP,28032491,63,190,30,1.07E-06,2.25E-06,6.78E-06
maf1,28145789,BLCA-UY-A78N-TP,28145789,62,185,23,8.17E-07,2.20E-06,6.57E-06
maf1,27917274,BLCA-DK-AA6X-TP,27917274,20,97,12,4.30E-07,7.16E-07,3.47E-06
maf1,27952879,BLCA-XF-A9T2-TP,27952879,23,66,16,5.72E-07,8.23E-07,2.36E-06
maf1,27965140,BLCA-XF-A9T8-TP,27965140,184,539,82,2.93E-06,6.58E-06,1.93E-05
maf1,28254146,BLCA-E7-A4XJ-TP,28254146,10,29,13,4.60E-07,3.54E-07,1.03E-06
maf1,27859514,BLCA-GU-A766-TP,27859514,48,150,21,7.54E-07,1.72E-06,5.38E-06
maf1,28178325,BLCA-FD-A6TK-TP,28178325,24,96,24,8.52E-07,8.52E-07,3.41E-06
maf1,27920986,BLCA-XF-A9SG-TP,27920986,54,156,19,6.80E-07,1.93E-06,5.59E-06
maf1,28122205,BLCA-HQ-A2OE-TP,28122205,37,118,18,6.40E-07,1.32E-06,4.20E-06
maf1,27951928,BLCA-XF-AAMH-TP,27951928,13,46,16,5.72E-07,4.65E-07,1.65E-06
maf1,28275265,BLCA-FD-A5BU-TP,28275265,12,53,20,7.07E-07,4.24E-07,1.87E-06
maf1,27947647,BLCA-XF-AAMT-TP,27947647,24,79,19,6.80E-07,8.59E-07,2.83E-06
maf1,28225681,BLCA-FD-A5BT-TP,28225681,32,78,15,5.31E-07,1.13E-06,2.76E-06
maf1,27924575,BLCA-XF-AAME-TP,27924575,2,20,8,2.86E-07,7.16E-08,7.16E-07
maf1,27898204,BLCA-XF-A9T3-TP,27898204,110,310,44,1.58E-06,3.94E-06,1.11E-05
maf1,27968272,BLCA-FD-A6TI-TP,27968272,19,93,28,1.00E-06,6.79E-07,3.33E-06
maf1,27932845,BLCA-XF-AAN1-TP,27932845,28,59,21,7.52E-07,1.00E-06,2.11E-06
maf1,28187467,BLCA-HQ-A5ND-TP,28187467,27,64,10,3.55E-07,9.58E-07,2.27E-06
maf1,28050324,BLCA-KQ-A41N-TP,28050324,55,185,39,1.39E-06,1.96E-06,6.60E-06
maf1,27865482,BLCA-XF-A9SY-TP,27865482,114,354,55,1.97E-06,4.09E-06,1.27E-05
maf1,27835771,BLCA-DK-AA6R-TP,27835771,67,265,54,1.94E-06,2.41E-06,9.52E-06
maf1,28028900,BLCA-FD-A6TH-TP,28028900,36,127,17,6.07E-07,1.28E-06,4.53E-06
maf1,27842627,BLCA-XF-AAMQ-TP,27842627,58,149,33,1.19E-06,2.08E-06,5.35E-06
maf1,28197005,BLCA-FD-A3N5-TP,28197005,103,237,37,1.31E-06,3.65E-06,8.41E-06
maf1,28133058,BLCA-FD-A5BX-TP,28133058,83,266,32,1.14E-06,2.95E-06,9.46E-06
maf1,28155802,BLCA-E7-A541-TP,28155802,106,373,53,1.88E-06,3.76E-06,1.32E-05
maf1,27792488,BLCA-XF-AAMX-TP,27792488,78,243,42,1.51E-06,2.81E-06,8.74E-06
maf1,27969948,BLCA-CF-A47X-TP,27969948,82,243,45,1.61E-06,2.93E-06,8.69E-06
maf1,27759297,BLCA-5N-A9KM-TP,27759297,58,169,27,9.73E-07,2.09E-06,6.09E-06
maf1,28325260,BLCA-CF-A47V-TP,28325260,22,56,8,2.82E-07,7.77E-07,1.98E-06
maf1,28376946,BLCA-CF-A47T-TP,28376946,8,22,12,4.23E-07,2.82E-07,7.75E-07
maf1,27701815,BLCA-GU-A763-TP,27701815,19,44,14,5.05E-07,6.86E-07,1.59E-06
maf1,27603264,BLCA-YF-AA3M-TP,27603264,61,109,31,1.12E-06,2.21E-06,3.95E-06
maf1,27638262,BLCA-5N-A9KI-TP,27638262,39,123,22,7.96E-07,1.41E-06,4.45E-06
maf1,27943275,BLCA-FD-A6TE-TP,27943275,60,178,28,1.00E-06,2.15E-06,6.37E-06
maf1,27901295,BLCA-GV-A6ZA-TP,27901295,65,249,37,1.33E-06,2.33E-06,8.92E-06
maf1,27584034,BLCA-XF-A9SV-TP,27584034,20,51,16,5.80E-07,7.25E-07,1.85E-06
maf1,27922139,BLCA-E7-A519-TP,27922139,12,53,14,5.01E-07,4.30E-07,1.90E-06
maf1,27556463,BLCA-XF-AAN5-TP,27556463,69,258,37,1.34E-06,2.50E-06,9.36E-06
maf1,27624299,BLCA-ZF-A9R5-TP,27624299,21,82,15,5.43E-07,7.60E-07,2.97E-06
maf1,27647508,BLCA-E7-A7DU-TP,27647508,66,197,30,1.09E-06,2.39E-06,7.13E-06
maf1,27510009,BLCA-XF-AAMF-TP,27510009,18,63,11,4.00E-07,6.54E-07,2.29E-06
maf1,27466669,BLCA-ZF-A9RG-TP,27466669,70,180,34,1.24E-06,2.55E-06,6.55E-06
maf1,27502084,BLCA-XF-A9T6-TP,27502084,77,248,32,1.16E-06,2.80E-06,9.02E-06
maf1,27864201,BLCA-FD-A5BS-TP,27864201,8,18,4,1.44E-07,2.87E-07,6.46E-07
maf1,27866671,BLCA-E7-A4IJ-TP,27866671,100,255,33,1.18E-06,3.59E-06,9.15E-06
maf1,27466135,BLCA-XF-AAMG-TP,27466135,244,728,115,4.19E-06,8.88E-06,2.65E-05
maf1,27762151,BLCA-FD-A5BV-TP,27762151,28,92,17,6.12E-07,1.01E-06,3.31E-06
maf1,27448353,BLCA-XF-AAML-TP,27448353,128,376,56,2.04E-06,4.66E-06,1.37E-05
maf1,27795958,BLCA-K4-A4AC-TP,27795958,41,110,19,6.84E-07,1.48E-06,3.96E-06
maf1,27802279,BLCA-CF-A47S-TP,27802279,4,24,8,2.88E-07,1.44E-07,8.63E-07
maf1,27304828,BLCA-XF-AAMJ-TP,27304828,12,31,9,3.30E-07,4.39E-07,1.14E-06
maf1,27483775,BLCA-FD-A6TG-TP,27483775,99,329,46,1.67E-06,3.60E-06,1.20E-05
maf1,27326259,BLCA-XF-A9T5-TP,27326259,169,536,61,2.23E-06,6.18E-06,1.96E-05
maf1,27359641,BLCA-E7-A6ME-TP,27359641,36,102,20,7.31E-07,1.32E-06,3.73E-06
maf1,27629107,BLCA-HQ-A2OF-TP,27629107,32,64,39,1.41E-06,1.16E-06,2.32E-06
maf1,27192138,BLCA-XF-A9ST-TP,27192138,128,447,76,2.79E-06,4.71E-06,1.64E-05
maf1,27475526,BLCA-BT-A42E-TP,27475526,39,135,21,7.64E-07,1.42E-06,4.91E-06
maf1,27062453,BLCA-G2-AA3F-TP,27062453,27,106,26,9.61E-07,9.98E-07,3.92E-06
maf1,27117991,BLCA-GU-A42P-TP,27117991,92,175,36,1.33E-06,3.39E-06,6.45E-06
maf1,26088146,BLCA-XF-AAN7-TP,26088146,32,120,23,8.82E-07,1.23E-06,4.60E-06